"","Mean","Median","Mode","ESS","HDImass","HDIlow","HDIhigh","CompVal","PcntGtCompVal","ROPElow","ROPEhigh","PcntLtROPE","PcntInROPE","PcntGtROPE"
"theta[1]",0.00973695218707675,0.00681546493895225,0.00197887763269806,10000,0.95,1.33463659838754e-06,0.0292846427049996,0.5,0,0.45,0.55,100,0,0
"theta[2]",0.1387203123812,0.137329333489221,0.130508907550708,10000,0.95,0.0949141977981255,0.188156167615226,0.5,0,0.45,0.55,100,0,0
"theta[3]",0.0432840155217677,0.0418443383936491,0.0378284618432875,10000,0.95,0.0181219756350336,0.0715063068236519,0.5,0,0.45,0.55,100,0,0
"theta[1]-theta[2]",-0.128983360194123,-0.127843572266357,-0.124689561955421,9492.5,0.95,-0.181139765454557,-0.0787848039180861,0,0.01,-0.05,0.05,99.86,0.140000000000001,0
"theta[1]-theta[3]",-0.033547063334691,-0.0332433744746403,-0.033059352944335,10000,0.95,-0.0689449162701632,-0.000803635847379938,0,2.42,-0.05,0.05,15.52,84.47,0.01
"theta[2]-theta[3]",0.0954362968594322,0.0947388045092538,0.0935097425646811,10000,0.95,0.0408382247790847,0.150657359108104,0,99.96,-0.05,0.05,0,4.83,95.17
